Nome,Cognome,Codice Fiscale,Email,Userid,Password
John,Doe,ABC123,somemail@mail.com,123123132,password
Steven,Universe,abraham tank,thisismyid,123123123,password
John,Wick,Hiscode,pp,jidagent,pw
Jogny,asd,cof,cofcof,cof,cofpw
fish,fish,fish,fish,fish,fish
a,a,a,a,a,a
b,b,b,b,b,b
c,c,c,c,c,c
d,d,d,d,d,d
e,e,e,e,e,e
f,f,f,f,f,f
g,g,g,g,g,g
h,h,h,h,h,h
i,i,i,i,i,i
j,j,j,j,j,j
k,k,k,k,k,k
l,l,l,l,l,l
ab,ab,ab,ab,ab,ab
m,m,m,m,m,m
a,b,c,d,e,f
n,n,n,n,n,n
o,o,o,o,o,o
p,p,p,p,p,p
q,q,q,q,q,q
r,r,r,r,r,r
s,s,s,s,s,s
t,t,t,t,t,t
u,u,u,u,u,u
v,v,v,v,v,v
w,w,w,w,w,w
x,x,x,x,x,x
y,y,y,y,y,y
